FitNr,key,MP/mpi2,lmax/shells,kmax/momlu,2b-model,l1r,l2r,l3r,l4r,csc/mpi^{-2},csp208,ms208/mpi,crc208/mpi^{-2},crp208,mr208/mpi,csc305/mpi^{-2},csp305,ms305/mpi,crc305/mpi^{-2},crp305,mr305/mpi,chi2dof,Ndata,Npars,ReP208/mpi,ImP208/mpi,ReP305/mpi,ImP305/mpi
1,mIAM-general_x_p_x-mp_1.0-lm_3-km_5,1.0,3,5,mIAM4,-0.0045581,0.00432737,0.0116825,0.00449354,/,/,/,/,/,/,/,10.508,4.07023,/,/,/,1.2175014975685925,33,6
2,mIAM-general_x_p_x-mp_1.0-lm_4-km_5,1.0,4,5,mIAM4,-0.00455865,0.00432584,0.0116893,0.00449371,/,/,/,/,/,/,/,10.7054,4.07278,/,/,/,1.220065901618868,33,6
3,mIAM-general_x_p_x-mp_1.0-lm_35-km_5,1.0,35,5,mIAM4,-0.0045581,0.00432737,0.0116825,0.00449354,/,/,/,/,/,/,/,10.508,4.07023,/,/,/,1.2175014975685925,33,6
4,no4mIAM-general_x_p_x-mp_1.0-lm_3-km_5,1.0,3,5,mIAM3,-0.00456478,0.00432608,0.0116795,/,/,/,/,/,/,/,/,10.5654,4.07088,/,/,/,1.174334909955108,33,5
5,no4mIAM-general_x_p_x-mp_1.0-lm_4-km_5,1.0,4,5,mIAM3,-0.00456538,0.00432444,0.0116845,/,/,/,/,/,/,/,/,10.7142,4.07274,/,/,/,1.1768048130793856,33,5
6,no4mIAM-general_x_p_x-mp_1.0-lm_35-km_5,1.0,35,5,mIAM3,-0.00456478,0.00432608,0.0116795,/,/,/,/,/,/,/,/,10.5654,4.07088,/,/,/,1.174334909955108,33,5
7,no34mIAM-general_x_p_x-mp_1.0-lm_3-km_5,1.0,3,5,mIAM2,-0.00459828,0.00427519,/,/,/,/,/,/,/,/,/,0.0656205,3.21706,/,/,/,3.7636298103803165,33,4
8,no34mIAM-general_x_p_x-mp_1.0-lm_4-km_5,1.0,4,5,mIAM2,-0.00478028,0.00387749,/,/,/,/,/,/,/,/,/,2.22657,4.0175,/,/,/,2.3246519752691057,33,4
9,no34mIAM-general_x_p_x-mp_1.0-lm_35-km_5,1.0,35,5,mIAM2,-0.00459828,0.00427519,/,/,/,/,/,/,/,/,/,0.0656205,3.21706,/,/,/,3.7636298103803165,33,4
10,mIAM-general_p_x_x-mp_1.0-lm_3-km_5,1.0,3,5,mIAM4,-0.00515125,0.00423167,0.0104078,-0.017828,/,/,/,/,/,/,/,/,/,/,38.1401,4.20945,1.5328820076632104,33,6
11,mIAM-general_p_x_x-mp_1.0-lm_4-km_5,1.0,4,5,mIAM4,-0.00505132,0.00423977,0.0107776,-0.0152394,/,/,/,/,/,/,/,/,/,/,26.3572,4.14131,1.44440199943335,33,6
12,mIAM-general_p_x_x-mp_1.0-lm_35-km_5,1.0,35,5,mIAM4,-0.00515125,0.00423167,0.0104078,-0.017828,/,/,/,/,/,/,/,/,/,/,38.1401,4.20945,1.5328820076632104,33,6
13,no4mIAM-general_p_x_x-mp_1.0-lm_3-km_5,1.0,3,5,mIAM3,-0.00457745,0.00430714,0.0113427,/,/,/,/,/,/,/,/,/,/,/,7.37321,3.95063,1.2623234272801491,33,5
14,no4mIAM-general_p_x_x-mp_1.0-lm_4-km_5,1.0,4,5,mIAM3,-0.0045569,0.00435479,0.0113689,/,/,/,/,/,/,/,/,/,/,/,22.1394,4.11487,1.281036304434799,33,5
15,no4mIAM-general_p_x_x-mp_1.0-lm_35-km_5,1.0,35,5,mIAM3,-0.00457745,0.00430714,0.0113427,/,/,/,/,/,/,/,/,/,/,/,7.37321,3.95063,1.2623234272801491,33,5
16,no34mIAM-general_p_x_x-mp_1.0-lm_3-km_5,1.0,3,5,mIAM2,-0.00478623,0.00388175,/,/,/,/,/,/,/,/,/,/,/,/,15.8448,4.03682,2.3802814215734296,33,4
17,no34mIAM-general_p_x_x-mp_1.0-lm_4-km_5,1.0,4,5,mIAM2,-0.00477006,0.00391622,/,/,/,/,/,/,/,/,/,/,/,/,30.7565,4.2095,2.3978900131669243,33,4
18,no34mIAM-general_p_x_x-mp_1.0-lm_35-km_5,1.0,35,5,mIAM2,-0.00478623,0.00388175,/,/,/,/,/,/,/,/,/,/,/,/,15.8448,4.03682,2.3802814215734296,33,4
19,mIAM-general_x_pc_x-mp_1.0-lm_3-km_5,1.0,3,5,mIAM4,-0.00461572,0.00421225,0.00852525,0.00458293,/,/,/,/,/,/,19.4965,116.425,4.40097,/,/,/,1.1574871462707177,33,7
20,mIAM-general_x_pc_x-mp_1.0-lm_4-km_5,1.0,4,5,mIAM4,-0.00461639,0.00421061,0.00851955,0.00458174,/,/,/,/,/,/,19.5697,117.21,4.40303,/,/,/,1.158838293803933,33,7
21,mIAM-general_x_pc_x-mp_1.0-lm_35-km_5,1.0,35,5,mIAM4,-0.00461572,0.00421225,0.00852525,0.00458293,/,/,/,/,/,/,19.4965,116.425,4.40097,/,/,/,1.1574871462707177,33,7
22,no4mIAM-general_x_pc_x-mp_1.0-lm_3-km_5,1.0,3,5,mIAM3,-0.00462342,0.00421046,0.00851585,/,/,/,/,/,/,/,19.5363,117.079,4.40281,/,/,/,1.1150930995510766,33,6
23,no4mIAM-general_x_pc_x-mp_1.0-lm_4-km_5,1.0,4,5,mIAM3,-0.00462407,0.00420885,0.00851052,/,/,/,/,/,/,/,19.601,117.77,4.40463,/,/,/,1.1163918270906785,33,6
24,no4mIAM-general_x_pc_x-mp_1.0-lm_35-km_5,1.0,35,5,mIAM3,-0.00462342,0.00421046,0.00851585,/,/,/,/,/,/,/,19.5363,117.079,4.40281,/,/,/,1.1150930995510766,33,6
25,no34mIAM-general_x_pc_x-mp_1.0-lm_3-km_5,1.0,3,5,mIAM2,-0.00476184,0.00392723,/,/,/,/,/,/,/,/,21.1783,34.648,4.04385,/,/,/,1.4303326826064062,33,5
27,no34mIAM-general_x_pc_x-mp_1.0-lm_35-km_5,1.0,35,5,mIAM2,-0.00476184,0.00392723,/,/,/,/,/,/,/,/,21.1783,34.648,4.04385,/,/,/,1.4303326826064062,33,5
28,mIAM-general_pc_x_x-mp_1.0-lm_3-km_5,1.0,3,5,mIAM4,-0.00540588,0.00415956,0.00739617,-0.0230274,/,/,/,/,/,/,/,/,/,9.19143,38.1403,4.21077,1.790723339619544,33,7
29,mIAM-general_pc_x_x-mp_1.0-lm_4-km_5,1.0,4,5,mIAM4,-0.00537198,0.00416699,0.00818079,-0.0223444,/,/,/,/,/,/,/,/,/,9.19143,38.1403,4.21134,1.720146180709214,33,7
30,mIAM-general_pc_x_x-mp_1.0-lm_35-km_5,1.0,35,5,mIAM4,-0.00540588,0.00415956,0.00739617,-0.0230274,/,/,/,/,/,/,/,/,/,9.19143,38.1403,4.21077,1.790723339619544,33,7
31,no4mIAM-general_pc_x_x-mp_1.0-lm_3-km_5,1.0,3,5,mIAM3,-0.00443125,0.00460098,0.0111123,/,/,/,/,/,/,/,/,/,/,-8.82782,7.81102,0.280056,1.5967438529712987,33,6
32,no4mIAM-general_pc_x_x-mp_1.0-lm_4-km_5,1.0,4,5,mIAM3,-0.00457431,0.00431562,0.0113383,/,/,/,/,/,/,/,/,/,/,-0.00800644,9.7834,3.98374,1.3104055045295144,33,6
33,no4mIAM-general_pc_x_x-mp_1.0-lm_35-km_5,1.0,35,5,mIAM3,-0.00443125,0.00460098,0.0111123,/,/,/,/,/,/,/,/,/,/,-8.82782,7.81102,0.280056,1.5967438529712987,33,6
34,no34mIAM-general_pc_x_x-mp_1.0-lm_3-km_5,1.0,3,5,mIAM2,-0.00466159,0.0041232,/,/,/,/,/,/,/,/,/,/,/,3.62217,1.08629e-20,0.142805,3.0566627230135004,33,5
35,no34mIAM-general_pc_x_x-mp_1.0-lm_4-km_5,1.0,4,5,mIAM2,-0.00478,0.00389581,/,/,/,/,/,/,/,/,/,/,/,4.69877,16.1561,4.00367,2.463901235209432,33,5
36,no34mIAM-general_pc_x_x-mp_1.0-lm_35-km_5,1.0,35,5,mIAM2,-0.00466159,0.0041232,/,/,/,/,/,/,/,/,/,/,/,3.62217,1.08629e-20,0.142805,3.0566627230135004,33,5
37,mIAM-general_x_c_x-mp_1.0-lm_3-km_5,1.0,3,5,mIAM4,-0.00483871,0.00440369,0.0108905,-0.012924,/,/,/,/,/,/,-2.99533e-09,/,/,/,/,/,2.2606219328013526,33,5
38,mIAM-general_x_c_x-mp_1.0-lm_4-km_5,1.0,4,5,mIAM4,-0.00484184,0.00440055,0.010851,-0.0129851,/,/,/,/,/,/,-3.01427e-09,/,/,/,/,/,2.2640095883438724,33,5
39,mIAM-general_x_c_x-mp_1.0-lm_35-km_5,1.0,35,5,mIAM4,-0.00483871,0.00440369,0.0108905,-0.012924,/,/,/,/,/,/,-2.99533e-09,/,/,/,/,/,2.2606219328013526,33,5
40,no4mIAM-general_x_c_x-mp_1.0-lm_3-km_5,1.0,3,5,mIAM3,-0.00443395,0.00463829,0.0133598,/,/,/,/,/,/,/,-6.51179,/,/,/,/,/,2.619621236910533,33,4
41,no4mIAM-general_x_c_x-mp_1.0-lm_4-km_5,1.0,4,5,mIAM3,-0.00430999,0.00488921,0.0140342,/,/,/,/,/,/,/,-7.75154,/,/,/,/,/,2.5760167242064127,33,4
42,no4mIAM-general_x_c_x-mp_1.0-lm_35-km_5,1.0,35,5,mIAM3,-0.00443395,0.00463829,0.0133598,/,/,/,/,/,/,/,-6.51179,/,/,/,/,/,2.619621236910533,33,4
43,no34mIAM-general_x_c_x-mp_1.0-lm_3-km_5,1.0,3,5,mIAM2,-0.0044636,0.00457498,/,/,/,/,/,/,/,/,15.3235,/,/,/,/,/,3.649790426756612,33,3
44,no34mIAM-general_x_c_x-mp_1.0-lm_4-km_5,1.0,4,5,mIAM2,-0.0044673,0.00456626,/,/,/,/,/,/,/,/,15.2685,/,/,/,/,/,3.626973245829595,33,3
45,no34mIAM-general_x_c_x-mp_1.0-lm_35-km_5,1.0,35,5,mIAM2,-0.0044636,0.00457498,/,/,/,/,/,/,/,/,15.3235,/,/,/,/,/,3.649790426756612,33,3
55,mIAM-general_c_c_x-mp_1.0-lm_3-km_5,1.0,3,5,mIAM4,-0.00435211,0.00490015,0.0111748,-0.000909711,/,/,/,/,/,/,0.280694,/,/,-0.788937,/,/,2.7517532390730377,33,6
56,mIAM-general_c_c_x-mp_1.0-lm_4-km_5,1.0,4,5,mIAM4,-0.00431214,0.00488392,0.0107585,0.00280152,/,/,/,/,/,/,0.321655,/,/,-0.834718,/,/,2.8075521257419362,33,6
57,mIAM-general_c_c_x-mp_1.0-lm_35-km_5,1.0,35,5,mIAM4,-0.00435211,0.00490015,0.0111748,-0.000909711,/,/,/,/,/,/,0.280694,/,/,-0.788937,/,/,2.7517532390730377,33,6
58,no4mIAM-general_c_c_x-mp_1.0-lm_3-km_5,1.0,3,5,mIAM3,-0.00454769,0.00435837,0.0124997,/,/,/,/,/,/,/,-3.84976,/,/,-9.69648,/,/,1.3855379876270162,33,5
59,no4mIAM-general_c_c_x-mp_1.0-lm_4-km_5,1.0,4,5,mIAM3,-0.00454597,0.0043609,0.0124731,/,/,/,/,/,/,/,-4.10182,/,/,-8.0504,/,/,1.4208654018684646,33,5
60,no4mIAM-general_c_c_x-mp_1.0-lm_35-km_5,1.0,35,5,mIAM3,-0.00454769,0.00435837,0.0124997,/,/,/,/,/,/,/,-3.84976,/,/,-9.69648,/,/,1.3855379876270162,33,5
61,no34mIAM-general_c_c_x-mp_1.0-lm_3-km_5,1.0,3,5,mIAM2,-0.0046539,0.00414479,/,/,/,/,/,/,/,/,3.59854,/,/,-10.6454,/,/,2.167351526632348,33,4
62,no34mIAM-general_c_c_x-mp_1.0-lm_4-km_5,1.0,4,5,mIAM2,-0.00466095,0.00412946,/,/,/,/,/,/,/,/,1.10027,/,/,-8.52168,/,/,2.3884476594408937,33,4
63,no34mIAM-general_c_c_x-mp_1.0-lm_35-km_5,1.0,35,5,mIAM2,-0.0046539,0.00414479,/,/,/,/,/,/,/,/,3.59854,/,/,-10.6454,/,/,2.167351526632348,33,4
64,mIAM-general_x_p_x-mp_1.0-lm_3-km_5,1.0,3,5,mIAM4,-0.00464609,0.00415074,0.00663701,0.004303,/,14.6701,4.95247,/,/,/,/,/,/,/,/,/,1.0338187660787626,27,6
65,mIAM-general_x_p_x-mp_1.0-lm_4-km_5,1.0,4,5,mIAM4,-0.00464608,0.00415074,0.00663703,0.00430344,/,14.6696,4.95249,/,/,/,/,/,/,/,/,/,1.0338186325287801,27,6
66,mIAM-general_x_p_x-mp_1.0-lm_35-km_5,1.0,35,5,mIAM4,-0.00464609,0.00415074,0.00663701,0.004303,/,14.6701,4.95247,/,/,/,/,/,/,/,/,/,1.0338187660787626,27,6
67,no4mIAM-general_x_p_x-mp_1.0-lm_3-km_5,1.0,3,5,mIAM3,-0.00465121,0.00414927,0.0066206,/,/,14.7923,4.95294,/,/,/,/,/,/,/,/,/,0.9870732564370993,27,5
68,no4mIAM-general_x_p_x-mp_1.0-lm_4-km_5,1.0,4,5,mIAM3,-0.00465121,0.00414927,0.00662063,/,/,14.792,4.95296,/,/,/,/,/,/,/,/,/,0.9870731343661988,27,5
69,no4mIAM-general_x_p_x-mp_1.0-lm_35-km_5,1.0,35,5,mIAM3,-0.00465121,0.00414927,0.0066206,/,/,14.7923,4.95294,/,/,/,/,/,/,/,/,/,0.9870732564370993,27,5
70,no34mIAM-general_x_p_x-mp_1.0-lm_3-km_5,1.0,3,5,mIAM2,-0.00476428,0.00392073,/,/,/,12.8955,4.92324,/,/,/,/,/,/,/,/,/,1.13837438309608,27,4
71,no34mIAM-general_x_p_x-mp_1.0-lm_4-km_5,1.0,4,5,mIAM2,-0.00476428,0.00392073,/,/,/,12.8954,4.92327,/,/,/,/,/,/,/,/,/,1.1383742644600503,27,4
72,no34mIAM-general_x_p_x-mp_1.0-lm_35-km_5,1.0,35,5,mIAM2,-0.00476428,0.00392073,/,/,/,12.8955,4.92324,/,/,/,/,/,/,/,/,/,1.13837438309608,27,4
73,mIAM-general_p_x_x-mp_1.0-lm_3-km_5,1.0,3,5,mIAM4,-0.00463206,0.00416905,0.0065885,0.00484111,/,/,/,/,57909.9,68.4678,/,/,/,/,/,,1.0637130480941235,27,6
74,mIAM-general_p_x_x-mp_1.0-lm_4-km_5,1.0,4,5,mIAM4,-0.004632,0.00416915,0.00658875,0.00484269,/,/,/,/,61720,70.7776,/,/,/,/,/,,1.0638451782008544,27,6
75,mIAM-general_p_x_x-mp_1.0-lm_35-km_5,1.0,35,5,mIAM4,-0.00463206,0.00416905,0.0065885,0.00484111,/,/,/,/,57909.9,68.4678,/,/,/,/,/,,1.0637130480941235,27,6
76,no4mIAM-general_p_x_x-mp_1.0-lm_3-km_5,1.0,3,5,mIAM3,-0.00459543,0.00425962,0.0066302,/,/,/,/,/,3.02716e-06,4.0573e-05,/,/,/,/,/,,1.1601605562248467,27,5
77,no4mIAM-general_p_x_x-mp_1.0-lm_4-km_5,1.0,4,5,mIAM3,-0.00464231,0.00416646,0.00655461,/,/,/,/,/,59071.6,69.0025,/,/,/,/,/,,1.016714366505313,27,5
78,no4mIAM-general_p_x_x-mp_1.0-lm_35-km_5,1.0,35,5,mIAM3,-0.00459543,0.00425962,0.0066302,/,/,/,/,/,3.02716e-06,4.0573e-05,/,/,/,/,/,,1.1601605562248467,27,5
79,no34mIAM-general_p_x_x-mp_1.0-lm_3-km_5,1.0,3,5,mIAM2,-0.004709,0.00403009,/,/,/,/,/,/,0.0282282,15767.2,/,/,/,/,/,,1.304122388971122,27,4
80,no34mIAM-general_p_x_x-mp_1.0-lm_4-km_5,1.0,4,5,mIAM2,-0.00475542,0.00393793,/,/,/,/,/,/,60050.6,69.4679,/,/,/,/,/,,1.1622662688234533,27,4
81,no34mIAM-general_p_x_x-mp_1.0-lm_35-km_5,1.0,35,5,mIAM2,-0.004709,0.00403009,/,/,/,/,/,/,0.0282282,15767.2,/,/,/,/,/,,1.304122388971122,27,4
82,mIAM-general_x_pc_x-mp_1.0-lm_3-km_5,1.0,3,5,mIAM4,-0.00465173,0.00413176,0.00616698,0.00476619,23.0181,761.34,6.95964,/,/,/,/,/,/,/,/,/,1.063553895869026,27,7
83,mIAM-general_x_pc_x-mp_1.0-lm_4-km_5,1.0,4,5,mIAM4,-0.00465173,0.00413176,0.00616689,0.00476631,23.0248,761.805,6.96039,/,/,/,/,/,/,/,/,/,1.0635538958503385,27,7
84,mIAM-general_x_pc_x-mp_1.0-lm_35-km_5,1.0,35,5,mIAM4,-0.00465173,0.00413176,0.00616698,0.00476619,23.0181,761.34,6.95964,/,/,/,/,/,/,/,/,/,1.063553895869026,27,7
85,no4mIAM-general_x_pc_x-mp_1.0-lm_3-km_5,1.0,3,5,mIAM3,-0.00466116,0.00412959,0.00614909,/,21.413,667.937,6.81879,/,/,/,/,/,/,/,/,/,1.0139511912001473,27,6
86,no4mIAM-general_x_pc_x-mp_1.0-lm_4-km_5,1.0,4,5,mIAM3,-0.00466115,0.00412959,0.00614914,/,21.4179,668.27,6.8194,/,/,/,/,/,/,/,/,/,1.0139511911862344,27,6
87,no4mIAM-general_x_pc_x-mp_1.0-lm_35-km_5,1.0,35,5,mIAM3,-0.00466116,0.00412959,0.00614909,/,21.413,667.937,6.81879,/,/,/,/,/,/,/,/,/,1.0139511912001473,27,6
88,no34mIAM-general_x_pc_x-mp_1.0-lm_3-km_5,1.0,3,5,mIAM2,-0.00476581,0.00391828,/,/,93.928,9379.15,10.7705,/,/,/,/,/,/,/,/,/,1.1321624568930866,27,5
89,no34mIAM-general_x_pc_x-mp_1.0-lm_4-km_5,1.0,4,5,mIAM2,-0.00476581,0.00391828,/,/,93.5444,9302.87,10.7516,/,/,/,/,/,/,/,/,/,1.132163729492988,27,5
90,no34mIAM-general_x_pc_x-mp_1.0-lm_35-km_5,1.0,35,5,mIAM2,-0.00476581,0.00391828,/,/,93.928,9379.15,10.7705,/,/,/,/,/,/,/,/,/,1.1321624568930866,27,5
91,mIAM-general_pc_x_x-mp_1.0-lm_3-km_5,1.0,3,5,mIAM4,-0.00463208,0.00416901,0.00658846,0.00484103,/,/,/,-12.3916,780.732,145.702,/,/,/,/,/,,1.1168403607716058,27,7
92,mIAM-general_pc_x_x-mp_1.0-lm_4-km_5,1.0,4,5,mIAM4,-0.00463202,0.00416912,0.0065886,0.00484256,/,/,/,-12.3478,763.468,142.705,/,/,/,/,/,,1.116984882217714,27,7
93,mIAM-general_pc_x_x-mp_1.0-lm_35-km_5,1.0,35,5,mIAM4,-0.00463208,0.00416901,0.00658846,0.00484103,/,/,/,-12.3916,780.732,145.702,/,/,/,/,/,,1.1168403607716058,27,7
94,no4mIAM-general_pc_x_x-mp_1.0-lm_3-km_5,1.0,3,5,mIAM3,-0.00464238,0.00416632,0.00655442,/,/,/,/,-12.5099,631.834,2493.41,/,/,/,/,/,,1.0649356039032856,27,6
95,no4mIAM-general_pc_x_x-mp_1.0-lm_4-km_5,1.0,4,5,mIAM3,-0.00464233,0.00416642,0.00655454,/,/,/,/,-12.4658,657.451,874.903,/,/,/,/,/,,1.0650766715136217,27,6
96,no4mIAM-general_pc_x_x-mp_1.0-lm_35-km_5,1.0,35,5,mIAM3,-0.00464238,0.00416632,0.00655442,/,/,/,/,-12.5099,631.834,2493.41,/,/,/,/,/,,1.0649356039032856,27,6
97,no34mIAM-general_pc_x_x-mp_1.0-lm_3-km_5,1.0,3,5,mIAM2,-0.00475548,0.0039378,/,/,/,/,/,-12.5497,10.7801,152.868,/,/,/,/,/,,1.21490259941878,27,5
98,no34mIAM-general_pc_x_x-mp_1.0-lm_4-km_5,1.0,4,5,mIAM2,-0.00475544,0.0039379,/,/,/,/,/,-12.5065,30.4668,364.766,/,/,/,/,/,,1.2150441080949796,27,5
99,no34mIAM-general_pc_x_x-mp_1.0-lm_35-km_5,1.0,35,5,mIAM2,-0.00475548,0.0039378,/,/,/,/,/,-12.5497,10.7801,152.868,/,/,/,/,/,,1.21490259941878,27,5
100,mIAM-general_x_c_x-mp_1.0-lm_3-km_5,1.0,3,5,mIAM4,-0.00462756,0.00418783,0.00690341,0.00430483,-2.9235,/,/,/,/,/,/,/,/,/,/,/,1.0313838818691106,27,5
101,mIAM-general_x_c_x-mp_1.0-lm_4-km_5,1.0,4,5,mIAM4,-0.00462757,0.00418782,0.00690337,0.00430463,-2.92337,/,/,/,/,/,/,/,/,/,/,/,1.0313797377116078,27,5
102,mIAM-general_x_c_x-mp_1.0-lm_35-km_5,1.0,35,5,mIAM4,-0.00462756,0.00418783,0.00690341,0.00430483,-2.9235,/,/,/,/,/,/,/,/,/,/,/,1.0313838818691106,27,5
103,no4mIAM-general_x_c_x-mp_1.0-lm_3-km_5,1.0,3,5,mIAM3,-0.00463271,0.00418633,0.00688765,/,-2.94411,/,/,/,/,/,/,/,/,/,/,/,0.9867813185474702,27,4
104,no4mIAM-general_x_c_x-mp_1.0-lm_4-km_5,1.0,4,5,mIAM3,-0.00463271,0.00418633,0.00688758,/,-2.944,/,/,/,/,/,/,/,/,/,/,/,0.9867773470090743,27,4
105,no4mIAM-general_x_c_x-mp_1.0-lm_35-km_5,1.0,35,5,mIAM3,-0.00463271,0.00418633,0.00688765,/,-2.94411,/,/,/,/,/,/,/,/,/,/,/,0.9867813185474702,27,4
106,no34mIAM-general_x_c_x-mp_1.0-lm_3-km_5,1.0,3,5,mIAM2,-0.00474743,0.00395424,/,/,-2.63598,/,/,/,/,/,/,/,/,/,/,/,1.1488218032515327,27,3
107,no34mIAM-general_x_c_x-mp_1.0-lm_4-km_5,1.0,4,5,mIAM2,-0.00474744,0.00395424,/,/,-2.63582,/,/,/,/,/,/,/,/,/,/,/,1.1488153819724003,27,3
108,no34mIAM-general_x_c_x-mp_1.0-lm_35-km_5,1.0,35,5,mIAM2,-0.00474743,0.00395424,/,/,-2.63598,/,/,/,/,/,/,/,/,/,/,/,1.1488218032515327,27,3
118,mIAM-general_c_c_x-mp_1.0-lm_3-km_5,1.0,3,5,mIAM4,-0.00464002,0.0041624,0.00676404,0.00431583,-1.86196,/,/,-10.9518,/,/,/,/,/,/,/,/,1.0467147690932752,27,6
119,mIAM-general_c_c_x-mp_1.0-lm_4-km_5,1.0,4,5,mIAM4,-0.00464001,0.00416241,0.00676427,0.00431564,-1.86412,/,/,-10.9173,/,/,/,/,/,/,/,/,1.046730600257226,27,6
120,mIAM-general_c_c_x-mp_1.0-lm_35-km_5,1.0,35,5,mIAM4,-0.00464002,0.0041624,0.00676404,0.00431583,-1.86196,/,/,-10.9518,/,/,/,/,/,/,/,/,1.0467147690932752,27,6
121,no4mIAM-general_c_c_x-mp_1.0-lm_3-km_5,1.0,3,5,mIAM3,-0.00467827,0.00409662,0.00581419,/,8.63223,/,/,-17.4116,/,/,/,/,/,/,/,/,1.0500502913016874,27,5
122,no4mIAM-general_c_c_x-mp_1.0-lm_4-km_5,1.0,4,5,mIAM3,-0.00464527,0.00416091,0.00674948,/,-1.89334,/,/,-10.9334,/,/,/,/,/,/,/,/,0.9994110666716193,27,5
123,no4mIAM-general_c_c_x-mp_1.0-lm_35-km_5,1.0,35,5,mIAM3,-0.00467827,0.00409662,0.00581419,/,8.63223,/,/,-17.4116,/,/,/,/,/,/,/,/,1.0500502913016874,27,5
124,no34mIAM-general_c_c_x-mp_1.0-lm_3-km_5,1.0,3,5,mIAM2,-0.00475863,0.0039316,/,/,-1.25867,/,/,-11.5674,/,/,/,/,/,/,/,/,1.1569609647178443,27,4
125,no34mIAM-general_c_c_x-mp_1.0-lm_4-km_5,1.0,4,5,mIAM2,-0.00475863,0.0039316,/,/,-1.26385,/,/,-11.5263,/,/,/,/,/,/,/,/,1.1570015297898082,27,4
126,no34mIAM-general_c_c_x-mp_1.0-lm_35-km_5,1.0,35,5,mIAM2,-0.00475863,0.0039316,/,/,-1.25867,/,/,-11.5674,/,/,/,/,/,/,/,/,1.1569609647178443,27,4
127,mIAM-general_x_p_x-mp_1.0-lm_3-km_5,1.0,3,5,mIAM4,-0.0051302,0.00421062,0.0121395,-0.0171472,/,656.878,10.9072,/,/,/,/,35.2947,4.40376,/,/,/,1.3834159951941858,36,8
128,mIAM-general_x_p_x-mp_1.0-lm_4-km_5,1.0,4,5,mIAM4,-0.0051384,0.00420758,0.0121307,-0.0173317,/,656.877,10.8844,/,/,/,/,35.3228,4.40174,/,/,/,1.3956895210186915,36,8
129,mIAM-general_x_p_x-mp_1.0-lm_35-km_5,1.0,35,5,mIAM4,-0.0051302,0.00421062,0.0121395,-0.0171472,/,656.878,10.9072,/,/,/,/,35.2947,4.40376,/,/,/,1.3834159951941858,36,8
130,no4mIAM-general_x_p_x-mp_1.0-lm_3-km_5,1.0,3,5,mIAM3,-0.00455418,0.0043474,0.011825,/,/,139.715,7.83096,/,/,/,/,10.7949,4.073,/,/,/,1.1535261715051417,36,7
131,no4mIAM-general_x_p_x-mp_1.0-lm_4-km_5,1.0,4,5,mIAM3,-0.00456376,0.00432766,0.0117549,/,/,16.912,4.98399,/,/,/,/,10.8251,4.07353,/,/,/,1.1377995079125227,36,7
132,no4mIAM-general_x_p_x-mp_1.0-lm_35-km_5,1.0,35,5,mIAM3,-0.00455418,0.0043474,0.011825,/,/,139.715,7.83096,/,/,/,/,10.7949,4.073,/,/,/,1.1535261715051417,36,7
133,no34mIAM-general_x_p_x-mp_1.0-lm_3-km_5,1.0,3,5,mIAM2,-0.0047638,0.00391031,/,/,/,634.01,15.7288,/,/,/,/,2.24474,4.01867,/,/,/,2.3304949642106223,36,6
134,no34mIAM-general_x_p_x-mp_1.0-lm_4-km_5,1.0,4,5,mIAM2,-0.0047734,0.00388976,/,/,/,637.559,15.2963,/,/,/,/,1.33266,3.95095,/,/,/,2.343830511110292,36,6
135,no34mIAM-general_x_p_x-mp_1.0-lm_35-km_5,1.0,35,5,mIAM2,-0.0047638,0.00391031,/,/,/,634.01,15.7288,/,/,/,/,2.24474,4.01867,/,/,/,2.3304949642106223,36,6
136,mIAM-general_p_x_x-mp_1.0-lm_3-km_5,1.0,3,5,mIAM4,-0.00545628,0.00395043,0.010075,-0.0218043,/,/,/,/,652.102,6.87827,/,/,/,/,6.41729,3.93834,2.5973641443793016,36,8
137,mIAM-general_p_x_x-mp_1.0-lm_4-km_5,1.0,4,5,mIAM4,-0.00454833,0.00435023,0.0114191,0.00481456,/,/,/,/,680.732,8.79647,/,/,/,/,11.5899,4.00168,1.2961836305357544,36,8
138,mIAM-general_p_x_x-mp_1.0-lm_35-km_5,1.0,35,5,mIAM4,-0.00545628,0.00395043,0.010075,-0.0218043,/,/,/,/,652.102,6.87827,/,/,/,/,6.41729,3.93834,2.5973641443793016,36,8
139,no4mIAM-general_p_x_x-mp_1.0-lm_3-km_5,1.0,3,5,mIAM3,-0.00456398,0.00433318,0.0113962,/,/,/,/,/,659.377,8.66583,/,/,/,/,7.40746,3.95098,1.249211340309108,36,7
140,no4mIAM-general_p_x_x-mp_1.0-lm_4-km_5,1.0,4,5,mIAM3,-0.00457266,0.00431909,0.0113727,/,/,/,/,/,675.428,8.00929,/,/,/,/,22.4842,4.11818,1.379630356557435,36,7
141,no4mIAM-general_p_x_x-mp_1.0-lm_35-km_5,1.0,35,5,mIAM3,-0.00456398,0.00433318,0.0113962,/,/,/,/,/,659.377,8.66583,/,/,/,/,7.40746,3.95098,1.249211340309108,36,7
142,no34mIAM-general_p_x_x-mp_1.0-lm_3-km_5,1.0,3,5,mIAM2,-0.00468835,0.0040653,/,/,/,/,/,/,311.435,0.0469696,/,/,/,/,0.0291022,3.86253,2.9441281242510624,36,6
143,no34mIAM-general_p_x_x-mp_1.0-lm_4-km_5,1.0,4,5,mIAM2,-0.00472032,0.00401681,/,/,/,/,/,/,653.554,8.65278,/,/,/,/,9.60153,3.96279,3.1334866387479687,36,6
144,no34mIAM-general_p_x_x-mp_1.0-lm_35-km_5,1.0,35,5,mIAM2,-0.00468835,0.0040653,/,/,/,/,/,/,311.435,0.0469696,/,/,/,/,0.0291022,3.86253,2.9441281242510624,36,6
145,mIAM-general_x_pc_x-mp_1.0-lm_3-km_5,1.0,3,5,mIAM4,-0.00461573,0.00421226,0.00852542,0.00458159,11.8543,261.753,6.06265,/,/,/,19.4949,116.408,4.40093,/,/,/,1.1574871460700227,36,10
146,mIAM-general_x_pc_x-mp_1.0-lm_4-km_5,1.0,4,5,mIAM4,-0.00563608,0.00392537,0.00796055,-0.0256392,3.70783,641.659,6.23727,/,/,/,9.19143,38.1403,4.20981,/,/,/,3.7740484918399804,36,10
147,mIAM-general_x_pc_x-mp_1.0-lm_35-km_5,1.0,35,5,mIAM4,-0.00461573,0.00421226,0.00852542,0.00458159,11.8543,261.753,6.06265,/,/,/,19.4949,116.408,4.40093,/,/,/,1.1574871460700227,36,10
148,no4mIAM-general_x_pc_x-mp_1.0-lm_3-km_5,1.0,3,5,mIAM3,-0.00462334,0.00421063,0.008521,/,10.8203,226.108,5.9559,/,/,/,19.5021,116.751,4.40206,/,/,/,1.1150960456931496,36,9
149,no4mIAM-general_x_pc_x-mp_1.0-lm_4-km_5,1.0,4,5,mIAM3,-0.00462407,0.00420886,0.00851068,/,11.289,242.331,6.00496,/,/,/,19.6019,117.786,4.40467,/,/,/,1.1163918267933157,36,9
150,no4mIAM-general_x_pc_x-mp_1.0-lm_35-km_5,1.0,35,5,mIAM3,-0.00462334,0.00421063,0.008521,/,10.8203,226.108,5.9559,/,/,/,19.5021,116.751,4.40206,/,/,/,1.1150960456931496,36,9
151,no34mIAM-general_x_pc_x-mp_1.0-lm_3-km_5,1.0,3,5,mIAM2,-0.00476135,0.00393049,/,/,36.0547,1376.97,7.38835,/,/,/,116.294,2617.34,6.04894,/,/,/,1.3620064355661738,36,8
152,no34mIAM-general_x_pc_x-mp_1.0-lm_4-km_5,1.0,4,5,mIAM2,-0.00476167,0.00392964,/,/,60.6095,3893.92,8.97159,/,/,/,184.517,7001.13,7.20873,/,/,/,1.362315096649277,36,8
153,no34mIAM-general_x_pc_x-mp_1.0-lm_35-km_5,1.0,35,5,mIAM2,-0.00477937,0.00389422,/,/,85.7224,7775.58,10.3367,/,/,/,202.077,9673.64,7.84995,/,/,/,1.6540444062057407,36,8
154,mIAM-general_pc_x_x-mp_1.0-lm_3-km_5,1.0,3,5,mIAM4,-0.0050876,0.00419458,0.010131,-0.015614,/,/,/,3.70774,6.87206,6.87206,/,/,/,9.19144,19.9519,4.10438,1.9814118773854967,36,10
155,mIAM-general_pc_x_x-mp_1.0-lm_4-km_5,1.0,4,5,mIAM4,-0.00525308,0.00412567,0.0100339,-0.0190101,/,/,/,2.29883,6.83317,6.83317,/,/,/,9.04803,12.9829,4.07159,2.058369212760337,36,10
156,mIAM-general_pc_x_x-mp_1.0-lm_35-km_5,1.0,35,5,mIAM4,-0.0050876,0.00419458,0.010131,-0.015614,/,/,/,3.70774,6.87206,6.87206,/,/,/,9.19144,19.9519,4.10438,1.9814118773854967,36,10
157,no4mIAM-general_pc_x_x-mp_1.0-lm_3-km_5,1.0,3,5,mIAM3,-0.00455681,0.00434286,0.0111929,/,/,/,/,0.616261,8.64531,8.64531,/,/,/,-6.8436,6.66115,4.1702,1.4006455275576333,36,9
158,no4mIAM-general_pc_x_x-mp_1.0-lm_4-km_5,1.0,4,5,mIAM3,-0.00443693,0.0045809,0.0108729,/,/,/,/,-12.6795,21.5193,21.5193,/,/,/,2.1231,3.3505,0.0561687,2.0812575591165166,36,9
159,no4mIAM-general_pc_x_x-mp_1.0-lm_35-km_5,1.0,35,5,mIAM3,-0.00455681,0.00434286,0.0111929,/,/,/,/,0.616261,8.64531,8.64531,/,/,/,-6.8436,6.66115,4.1702,1.4006455275576333,36,9
160,no34mIAM-general_pc_x_x-mp_1.0-lm_3-km_5,1.0,3,5,mIAM2,-0.00475992,0.0039227,/,/,/,/,/,-0.450895,9.44209,9.44209,/,/,/,-1.51261,5.13198,4.07298,2.4940157499236943,36,8
161,no34mIAM-general_pc_x_x-mp_1.0-lm_4-km_5,1.0,4,5,mIAM2,-0.00467029,0.00410545,/,/,/,/,/,-5.56763,11.3783,11.3783,/,/,/,-8.84968,5.48664e-05,0.0424203,2.6406385266040955,36,8
162,no34mIAM-general_pc_x_x-mp_1.0-lm_35-km_5,1.0,35,5,mIAM2,-0.00475992,0.0039227,/,/,/,/,/,-0.450895,9.44209,9.44209,/,/,/,-1.51261,5.13198,4.07298,2.4940157499236943,36,8
163,mIAM-general_x_c_x-mp_1.0-lm_3-km_5,1.0,3,5,mIAM4,-0.00466525,0.00452108,0.0105384,-0.0105362,-1.16236,/,/,/,/,/,3.46464,/,/,/,/,/,2.505641197534076,36,6
164,mIAM-general_x_c_x-mp_1.0-lm_4-km_5,1.0,4,5,mIAM4,-0.00466897,0.00451797,0.0104863,-0.0105903,-1.17939,/,/,/,/,/,3.53016,/,/,/,/,/,2.508635856685637,36,6
165,mIAM-general_x_c_x-mp_1.0-lm_35-km_5,1.0,35,5,mIAM4,-0.00466525,0.00452108,0.0105384,-0.0105362,-1.16236,/,/,/,/,/,3.46464,/,/,/,/,/,2.505641197534076,36,6
166,no4mIAM-general_x_c_x-mp_1.0-lm_3-km_5,1.0,3,5,mIAM3,-0.00457659,0.00430883,0.00546331,/,6.43986,/,/,/,/,/,12.7457,/,/,/,/,/,2.7628835951667394,36,5
167,no4mIAM-general_x_c_x-mp_1.0-lm_4-km_5,1.0,4,5,mIAM3,-0.00446567,0.00453603,0.0113418,/,-1.6579,/,/,/,/,/,-3.72231,/,/,/,/,/,1.552400600336758,36,5
168,no4mIAM-general_x_c_x-mp_1.0-lm_35-km_5,1.0,35,5,mIAM3,-0.00457659,0.00430883,0.00546331,/,6.43986,/,/,/,/,/,12.7457,/,/,/,/,/,2.7628835951667394,36,5
169,no34mIAM-general_x_c_x-mp_1.0-lm_3-km_5,1.0,3,5,mIAM2,-0.00444251,0.00461622,/,/,-1.99508,/,/,/,/,/,15.4014,/,/,/,/,/,3.4876252667306233,36,4
170,no34mIAM-general_x_c_x-mp_1.0-lm_4-km_5,1.0,4,5,mIAM2,-0.0044462,0.00460751,/,/,-2.00357,/,/,/,/,/,15.347,/,/,/,/,/,3.466425788854597,36,4
171,no34mIAM-general_x_c_x-mp_1.0-lm_35-km_5,1.0,35,5,mIAM2,-0.00444251,0.00461622,/,/,-1.99508,/,/,/,/,/,15.4014,/,/,/,/,/,3.4876252667306233,36,4
181,mIAM-general_c_c_x-mp_1.0-lm_3-km_5,1.0,3,5,mIAM4,-0.00453965,0.00436601,0.012605,0.00427641,-2.31641,/,/,-10.5425,/,/,-3.86529,/,/,-9.69527,/,/,1.3894166943952364,36,8
182,mIAM-general_c_c_x-mp_1.0-lm_4-km_5,1.0,4,5,mIAM4,-0.00453744,0.00436889,0.0125811,0.00431205,-2.31053,/,/,-10.51,/,/,-4.12214,/,/,-8.04508,/,/,1.4247617203467031,36,8
183,mIAM-general_c_c_x-mp_1.0-lm_35-km_5,1.0,35,5,mIAM4,-0.00453965,0.00436601,0.012605,0.00427641,-2.31641,/,/,-10.5425,/,/,-3.86529,/,/,-9.69527,/,/,1.3894166943952364,36,8
184,no4mIAM-general_c_c_x-mp_1.0-lm_3-km_5,1.0,3,5,mIAM3,-0.00445919,0.00453565,0.0132005,/,-0.279236,/,/,10773.2,/,/,-6.51331,/,/,-2.25784,/,/,1.5320181409959692,36,7
185,no4mIAM-general_c_c_x-mp_1.0-lm_4-km_5,1.0,4,5,mIAM3,-0.0045424,0.00436788,0.0125764,/,-2.33531,/,/,-10.5305,/,/,-4.12357,/,/,-8.0458,/,/,1.3757817560891434,36,7
186,no4mIAM-general_c_c_x-mp_1.0-lm_35-km_5,1.0,35,5,mIAM3,-0.00445919,0.00453565,0.0132005,/,-0.279236,/,/,10773.2,/,/,-6.51331,/,/,-2.25784,/,/,1.5320181409959692,36,7
187,no34mIAM-general_c_c_x-mp_1.0-lm_3-km_5,1.0,3,5,mIAM2,-0.00439661,0.00476983,/,/,5.20359,/,/,-14.6345,/,/,16.4663,/,/,-795618,/,/,5.7566349463266695,36,6
188,no34mIAM-general_c_c_x-mp_1.0-lm_4-km_5,1.0,4,5,mIAM2,-0.00454463,0.00438019,/,/,5.48266,/,/,-19.3864,/,/,14.5324,/,/,-403.82,/,/,3.652912557724782,36,6
189,no34mIAM-general_c_c_x-mp_1.0-lm_35-km_5,1.0,35,5,mIAM2,-0.00439661,0.00476983,/,/,5.20359,/,/,-14.6345,/,/,16.4663,/,/,-795618,/,/,5.7566349463266695,36,6
190,mIAM-general_x_p_x_same_pole-mp_1.0-lm_3-km_5,1.0,3,5,mIAM4,-0.00516587,0.00422579,0.0119626,-0.0182878,/,103.118,/,/,/,/,/,35.7192,4.35106,/,/,/,1.2724706201858995,36,7
191,mIAM-general_x_p_x_same_pole-mp_1.0-lm_4-km_5,1.0,4,5,mIAM4,-0.00446894,0.00472466,0.0123066,-0.00201999,/,103.163,/,/,/,/,/,35.742,4.54185,/,/,/,2.3607775997018488,36,7
192,mIAM-general_x_p_x_same_pole-mp_1.0-lm_35-km_5,1.0,35,5,mIAM4,-0.00516587,0.00422579,0.0119626,-0.0182878,/,103.118,/,/,/,/,/,35.7192,4.35106,/,/,/,1.2724706201858995,36,7
193,no4mIAM-general_x_p_x_same_pole-mp_1.0-lm_3-km_5,1.0,3,5,mIAM3,-0.00454973,0.00435972,0.0128261,/,/,104.196,/,/,/,/,/,38.1387,4.40512,/,/,/,1.183328787734041,36,6
194,no4mIAM-general_x_p_x_same_pole-mp_1.0-lm_4-km_5,1.0,4,5,mIAM3,-0.00455806,0.00433914,0.0117917,/,/,55.3361,/,/,/,/,/,10.6166,4.06869,/,/,/,1.110659571411222,36,6
195,no4mIAM-general_x_p_x_same_pole-mp_1.0-lm_35-km_5,1.0,35,5,mIAM3,-0.00454973,0.00435972,0.0128261,/,/,104.196,/,/,/,/,/,38.1387,4.40512,/,/,/,1.183328787734041,36,6
196,no34mIAM-general_x_p_x_same_pole-mp_1.0-lm_3-km_5,1.0,3,5,mIAM2,-0.00477132,0.00389462,/,/,/,40.9042,/,/,/,/,/,0.864206,3.95231,/,/,/,2.24288061711468,36,5
197,no34mIAM-general_x_p_x_same_pole-mp_1.0-lm_4-km_5,1.0,4,5,mIAM2,-0.0047727,0.00389096,/,/,/,41.2231,/,/,/,/,/,0.865466,3.95159,/,/,/,2.247457536834694,36,5
198,no34mIAM-general_x_p_x_same_pole-mp_1.0-lm_35-km_5,1.0,35,5,mIAM2,-0.00477132,0.00389462,/,/,/,40.9042,/,/,/,/,/,0.864206,3.95231,/,/,/,2.24288061711468,36,5
199,mIAM-general_x_pc_x_same_pole-mp_1.0-lm_3-km_5,1.0,3,5,mIAM4,-0.00461534,0.00421257,0.00851412,0.00460925,15.3,415.204,/,/,/,/,19.3769,114.491,4.39493,/,/,/,1.1147189119582013,36,9
200,mIAM-general_x_pc_x_same_pole-mp_1.0-lm_4-km_5,1.0,4,5,mIAM4,-0.00461599,0.00421094,0.00850841,0.0046099,15.3383,416.832,/,/,/,/,19.4509,115.283,4.39703,/,/,/,1.1160211881458113,36,9
201,mIAM-general_x_pc_x_same_pole-mp_1.0-lm_35-km_5,1.0,35,5,mIAM4,-0.00461534,0.00421257,0.00851412,0.00460925,15.3,415.204,/,/,/,/,19.3769,114.491,4.39493,/,/,/,1.1147189119582013,36,9
202,no4mIAM-general_x_pc_x_same_pole-mp_1.0-lm_3-km_5,1.0,3,5,mIAM3,-0.00462326,0.00421079,0.00850264,/,15.2029,414.047,/,/,/,/,19.3884,114.72,4.39549,/,/,/,1.075405594706314,36,8
203,no4mIAM-general_x_pc_x_same_pole-mp_1.0-lm_4-km_5,1.0,4,5,mIAM3,-0.00462391,0.00420917,0.00849705,/,15.2405,415.648,/,/,/,/,19.4613,115.501,4.39757,/,/,/,1.0766592765137097,36,8
204,no4mIAM-general_x_pc_x_same_pole-mp_1.0-lm_35-km_5,1.0,35,5,mIAM3,-0.00462326,0.00421079,0.00850264,/,15.2029,414.047,/,/,/,/,19.3884,114.72,4.39549,/,/,/,1.075405594706314,36,8
205,no34mIAM-general_x_pc_x_same_pole-mp_1.0-lm_3-km_5,1.0,3,5,mIAM2,-0.00476099,0.00393131,/,/,65.9008,4670.84,/,/,/,/,133.034,3486.5,6.3461,/,/,/,1.3139012262302265,36,7
206,no34mIAM-general_x_pc_x_same_pole-mp_1.0-lm_4-km_5,1.0,4,5,mIAM2,-0.00476146,0.00393019,/,/,129.726,18028,/,/,/,/,272.479,15731,8.46852,/,/,/,1.314526043146941,36,7
207,no34mIAM-general_x_pc_x_same_pole-mp_1.0-lm_35-km_5,1.0,35,5,mIAM2,-0.00476099,0.00393131,/,/,65.9008,4670.84,/,/,/,/,133.034,3486.5,6.3461,/,/,/,1.3139012262302265,36,7
208,mIAM-general_p_x_x_same_pole-mp_1.0-lm_3-km_5,1.0,3,5,mIAM4,-0.00470309,0.00428746,0.0111628,-0.00386077,/,/,/,/,198.572,/,/,/,/,/,9.88772,3.99424,1.3573106633310632,36,7
209,mIAM-general_p_x_x_same_pole-mp_1.0-lm_4-km_5,1.0,4,5,mIAM4,-0.00447395,0.00448543,0.0114842,0.00590578,/,/,/,/,104.328,/,/,/,/,/,34.2386,4.24249,1.347144589107514,36,7
210,mIAM-general_p_x_x_same_pole-mp_1.0-lm_35-km_5,1.0,35,5,mIAM4,-0.00470309,0.00428746,0.0111628,-0.00386077,/,/,/,/,198.572,/,/,/,/,/,9.88772,3.99424,1.3573106633310632,36,7
211,no4mIAM-general_p_x_x_same_pole-mp_1.0-lm_3-km_5,1.0,3,5,mIAM3,-0.00453186,0.00440368,0.0114245,/,/,/,/,/,203.003,/,/,/,/,/,29.1147,4.17135,1.2625152435430425,36,6
212,no4mIAM-general_p_x_x_same_pole-mp_1.0-lm_4-km_5,1.0,4,5,mIAM3,-0.00452705,0.0044128,0.0114328,/,/,/,/,/,123.515,/,/,/,/,/,17.1888,4.05668,1.259868372495612,36,6
213,no4mIAM-general_p_x_x_same_pole-mp_1.0-lm_35-km_5,1.0,35,5,mIAM3,-0.00453186,0.00440368,0.0114245,/,/,/,/,/,203.003,/,/,/,/,/,29.1147,4.17135,1.2625152435430425,36,6
214,no34mIAM-general_p_x_x_same_pole-mp_1.0-lm_3-km_5,1.0,3,5,mIAM2,-0.00473503,0.00397573,/,/,/,/,/,/,126.425,/,/,/,/,/,0.0694509,3.86351,2.9159292115372044,36,5
215,no34mIAM-general_p_x_x_same_pole-mp_1.0-lm_4-km_5,1.0,4,5,mIAM2,-0.00473561,0.00397355,/,/,/,/,/,/,125.483,/,/,/,/,/,0.0184246,3.86435,2.921377058815483,36,5
216,no34mIAM-general_p_x_x_same_pole-mp_1.0-lm_35-km_5,1.0,35,5,mIAM2,-0.00473503,0.00397573,/,/,/,/,/,/,126.425,/,/,/,/,/,0.0694509,3.86351,2.9159292115372044,36,5
217,mIAM-general_pc_x_x_same_pole-mp_1.0-lm_3-km_5,1.0,3,5,mIAM4,-0.00449582,0.00453373,0.0110637,0.0012376,/,/,/,3.70767,104.417,/,/,/,/,9.19152,17.4911,4.10251,1.5193250683949255,36,9
218,mIAM-general_pc_x_x_same_pole-mp_1.0-lm_4-km_5,1.0,4,5,mIAM4,-0.00463197,0.00439256,0.0105572,-0.00285264,/,/,/,3.5531,317.271,/,/,/,/,9.27557,16.3824,4.16547,1.5892842722569445,36,9
219,mIAM-general_pc_x_x_same_pole-mp_1.0-lm_35-km_5,1.0,35,5,mIAM4,-0.00449582,0.00453373,0.0110637,0.0012376,/,/,/,3.70767,104.417,/,/,/,/,9.19152,17.4911,4.10251,1.5193250683949255,36,9
220,no4mIAM-general_pc_x_x_same_pole-mp_1.0-lm_3-km_5,1.0,3,5,mIAM3,-0.00448357,0.00449461,0.0108762,/,/,/,/,3.23117,735.928,/,/,/,/,0.942667,5.49445,4.11479,1.5230014190402865,36,8
221,no4mIAM-general_pc_x_x_same_pole-mp_1.0-lm_4-km_5,1.0,4,5,mIAM3,-0.00448275,0.00449984,0.0110948,/,/,/,/,6.29603,427.06,/,/,/,/,69.1282,401.657,4.58909,1.3700147992841833,36,8
222,no4mIAM-general_pc_x_x_same_pole-mp_1.0-lm_35-km_5,1.0,35,5,mIAM3,-0.00448357,0.00449461,0.0108762,/,/,/,/,3.23117,735.928,/,/,/,/,0.942667,5.49445,4.11479,1.5230014190402865,36,8
223,no34mIAM-general_pc_x_x_same_pole-mp_1.0-lm_3-km_5,1.0,3,5,mIAM2,-0.00470885,0.00402237,/,/,/,/,/,2.75586,1337.47,/,/,/,/,-1.59983,5.15668,4.07407,2.572459303074784,36,7
224,no34mIAM-general_pc_x_x_same_pole-mp_1.0-lm_4-km_5,1.0,4,5,mIAM2,-0.0047139,0.00402301,/,/,/,/,/,2.07108,915.375,/,/,/,/,11.1244,31.2339,4.00778,2.6602137903083287,36,7
225,no34mIAM-general_pc_x_x_same_pole-mp_1.0-lm_35-km_5,1.0,35,5,mIAM2,-0.00470885,0.00402237,/,/,/,/,/,2.75586,1337.47,/,/,/,/,-1.59983,5.15668,4.07407,2.572459303074784,36,7
